2024-11-14 20:30:34,An attack vector encountered a server crash.
2024-11-14 20:30:34,An attack vector encountered a server crash.
2024-11-14 20:30:34,An attack vector encountered a server crash.
2024-11-14 20:30:34,An attack vector encountered a server crash.
2024-11-14 20:30:34,An attack vector encountered a server crash.
2024-11-14 20:30:34,An attack vector encountered a server crash.
2024-11-14 20:30:34,An attack vector encountered a server crash.
2024-11-14 20:30:34,An attack vector encountered a server crash.
2024-11-14 20:30:34,An attack vector encountered a server crash.
2024-11-14 20:30:34,An attack vector encountered a server crash.
2024-11-14 20:30:36,An attack vector encountered a server crash.
2024-11-14 20:30:36,An attack vector encountered a server crash.
2024-11-14 20:30:36,An attack vector encountered a server crash.
2024-11-14 20:30:36,An attack vector encountered a server crash.
2024-11-14 20:30:36,An attack vector encountered a server crash.
2024-11-14 20:30:38,An attack vector encountered a server crash.
2024-11-14 20:30:38,An attack vector encountered a server crash.
2024-11-14 20:30:40,An attack vector encountered a server crash.
2024-11-14 20:30:42,An attack vector encountered a server crash.
2024-11-14 20:30:45,An attack vector encountered a server crash.
2024-11-14 20:30:47,An attack vector encountered a server crash.
2024-11-14 20:30:49,An attack vector encountered a server crash.
2024-11-14 20:30:51,An attack vector encountered a server crash.
2024-11-14 20:30:53,An attack vector encountered a server crash.
2024-11-14 20:30:55,An attack vector encountered a server crash.
2024-11-14 20:30:57,An attack vector encountered a server crash.
2024-11-14 20:30:59,An attack vector encountered a server crash.
2024-11-14 20:31:01,An attack vector encountered a server crash.
2024-11-14 20:31:03,An attack vector encountered a server crash.
2024-11-14 20:31:05,An attack vector encountered a server crash.
2024-11-14 20:31:07,An attack vector encountered a server crash.
2024-11-14 20:31:09,An attack vector encountered a server crash.
2024-11-14 20:31:11,An attack vector encountered a server crash.
2024-11-14 20:31:13,An attack vector encountered a server crash.
2024-11-14 20:31:15,An attack vector encountered a server crash.
2024-11-14 20:31:17,An attack vector encountered a server crash.
2024-11-14 20:31:19,An attack vector encountered a server crash.
2024-11-14 20:31:21,An attack vector encountered a server crash.
2024-11-14 20:31:23,An attack vector encountered a server crash.
2024-11-14 20:31:25,An attack vector encountered a server crash.
2024-11-14 20:31:27,An attack vector encountered a server crash.
2024-11-14 20:31:29,An attack vector encountered a server crash.
2024-11-14 20:31:31,An attack vector encountered a server crash.
2024-11-14 20:31:33,An attack vector encountered a server crash.
